,Round,Cycle,MouseID,Gender,Donor,ASD_diagnosis,OFT_Distance,OFT_velocity,OFT_LrgCntr_freq,OFT_LrgCntr_duration,OFT_LrgCntr_latency,OFT_SmlCntr_freq,OFT_SmlCntr_duration,OFT_SmlCntr_latency,OFT_Movement,MB_visible,MB_buried,MB_percentBuried,DSI_Agrsn_freq,DSI_Agrsn_duration,DSI_Social_freq,DSI_Social_duration,DSI_Groom_freq,DSI_Groom_Duration,SI_Habit_Social,SI_Habit_Cntr,SI_Habit_NonSocial,SI_Sociability_Social,SI_Sociability_Cntr,SI_Sociability_NonSocial,Unnamed: 30,Unnamed: 31,Unnamed: 32,USV_freq,USV_Duration,DSI_USV_median,DSI_USV_StdDev,DSI_USV_Freq,DSI_USV_Duration,DSI_USV_Slbl_num,DSI_USV_Slbl_Duration,DSI_USV_Slbl_Gap_Length,DSI_USV_Slbl_Bout_freq,DSI_USV_Slbl_Bout_gap,DSI_USV_Slbl_SlblPerBout,Unnamed: 45,SI_index
0,1.0,1.0,1.0,Female,C1,NT,2763.6,5.08254,113.0,141.141,0.0,63.0,187.921,0.8008,49.2161,17.0,3.0,15.0,,,,,,,176.77700000000002,174.708,174.708,326.126,102.369,145.612,,,,,,,,,,,,,,,,,19.13286612484049
1,1.0,1.0,2.0,Female,C1,NT,2574.93,4.59349,89.0,103.704,16.2829,56.0,191.12400000000002,17.1505,47.3479,12.0,8.0,40.0,,,,,,,175.30900000000003,201.40099999999998,178.378,245.37900000000002,99.6997,230.63099999999997,,,,,,,,,,,,,,,,,1.5491271191781735
2,1.0,1.0,3.0,Female,C1,NT,1600.45,2.86944,32.0,103.43700000000001,25.4254,9.0,25.1585,48.9823,33.4594,19.0,1.0,5.0,,,,,,,268.936,162.963,147.94799999999998,285.085,78.7454,209.476,,,,,,,,,,,,,,,,,7.644051997630214
3,1.0,1.0,4.0,Female,C1,NT,1698.48,3.02565,33.0,28.295,18.285,6.0,13.7471,125.19200000000001,32.3807,17.0,3.0,15.0,,,,,,,327.661,167.968,90.8909,324.191,89.5562,149.016,,,,,,,,,,,,,,,,,18.50934157778731
4,1.0,1.0,5.0,Male,C1,NT,3192.95,5.46753,85.0,67.9346,13.013,40.0,72.8729,18.7521,58.6234,18.0,2.0,10.0,,,,,,,217.551,162.095,146.813,257.124,111.645,162.029,,,,32.0,0.1018,,,,,,,,,,,,11.343709814793165
5,1.0,1.0,6.0,Male,C1,NT,4330.52,7.54568,130.0,86.6867,0.467133,54.0,68.7354,0.867534,67.4969,14.0,6.0,30.0,,,,,,,162.496,188.52200000000002,213.547,264.598,111.044,200.4,,,,737.0,9.2857,,,,,,,,,,,,6.9030404431847
6,1.0,1.0,7.0,Male,C1,NT,4046.53,7.18536,107.0,90.0234,10.4104,44.0,44.3777,10.6106,63.3381,16.0,4.0,20.0,,,,,,,160.42700000000002,200.93400000000003,190.72400000000002,283.41700000000003,113.447,176.51,,,,1014.0,23.3664,,,,,,,,,,,,11.622170474879717
7,1.0,1.0,8.0,Male,C1,NT,4007.3,6.94855,108.0,99.2993,6.740069999999999,39.0,48.9156,7.14047,65.3397,18.0,2.0,10.0,,,,,,,200.4,212.012,166.834,251.585,103.43700000000001,216.416,,,,517.0,17.8983,,,,,,,,,,,,3.757363766316743
8,1.0,1.0,9.0,Female,C1,NT,3403.8,6.14677,66.0,74.7414,10.5439,26.0,27.6944,10.8775,57.7338,11.0,9.0,45.0,,,,,,,194.328,183.11599999999999,186.453,242.709,93.62700000000001,221.555,,,,,,,,,,,,,,,,,2.2782296279702976
20,1.0,1.0,22.0,Male,A24-new,ASD,3491.77,6.09767,80.0,94.5612,0.2002,42.0,57.1238,0.4004,58.123000000000005,13.0,7.0,35.0,,,,,,,235.102,214.34799999999998,134.334,300.767,81.2813,205.138,,,,574.0,4.9328,,,,,,,,,,,,9.451280378727233
21,1.0,1.0,23.0,Male,A24-new,ASD,3885.93,6.6352199999999995,60.0,45.2452,7.073739999999999,19.0,16.0828,7.474139999999999,64.2166,15.0,5.0,25.0,,,,,,,198.532,183.917,171.171,247.447,91.0911,225.75900000000001,,,,247.0,2.7434,,,,,,,,,,,,2.29160238881164
22,1.0,1.0,24.0,Female,A24-new,ASD,3398.18,5.87876,106.0,189.523,0.0,30.0,51.0511,10.4104,52.5297,15.0,5.0,25.0,,,,,,,169.36900000000003,132.466,263.46299999999997,343.744,75.2753,150.751,,,,,,,,,,,,,,,,,19.514150800311427
23,1.0,1.0,25.0,Female,A24-new,ASD,4380.32,7.68157,115.0,88.7554,0.0,41.0,88.1548,0.2002,68.1085,9.0,11.0,55.0,,,,,,,161.762,233.967,147.08,365.966,98.2316,120.12,,,,,,,,,,,,,,,,,25.28832346539501
24,1.0,1.0,26.0,Female,A24-new,ASD,3771.26,7.0490699999999995,77.0,68.7354,7.207210000000001,27.0,35.5022,9.07574,57.6337,7.0,13.0,65.0,,,,,,,189.79,209.543,181.048,260.594,109.51,212.88,,,,,,,,,,,,,,,,,5.038713847011657
25,1.0,1.0,27.0,Female,A24-new,ASD,4165.67,7.561789999999999,98.0,83.1498,1.93527,50.0,56.4565,2.13547,58.8013,14.0,6.0,30.0,,,,,,,199.399,237.771,150.484,258.525,80.1468,246.24599999999998,,,,,,,,,,,,,,,,,1.2162941214927159
26,1.0,1.0,28.0,Male,A24-new,ASD,5612.4,9.708169999999999,107.0,59.9266,7.60761,44.0,45.5122,7.807810000000001,74.0687,6.0,14.0,70.0,,,,,,,239.173,150.684,187.855,254.988,67.6677,250.317,,,,595.0,5.3219,,,,,,,,,,,,0.4621960993855154
27,1.0,1.0,29.0,Male,A24-new,ASD,5188.84,9.03284,141.0,74.7414,0.867534,52.0,40.5072,8.14147,70.844,11.0,9.0,45.0,,,,,,,145.812,163.83,260.327,197.06400000000002,129.062,239.97299999999998,,,,1417.0,19.8852,,,,,,,,,,,,-4.909080924498383
28,1.0,1.0,30.0,Female,A24-new,ASD,3169.88,5.81191,91.0,86.2196,0.133466,43.0,75.342,0.0,56.3723,15.0,5.0,25.0,,,,,,,308.108,141.942,110.244,345.81199999999995,78.6787,166.09900000000002,,,,,,,,,,,,,,,,,17.553148887208906
29,1.0,1.0,31.0,Female,A24-new,ASD,4026.58,7.041460000000001,87.0,41.8418,17.1505,34.0,28.4952,17.5509,60.0756,14.0,6.0,30.0,,,,,,,76.4765,282.683,229.363,173.24,128.46200000000002,252.85299999999998,,,,,,,,,,,,,,,,,-9.342209329888071
30,1.0,1.0,32.0,Female,A24-new,ASD,3772.02,7.18583,118.0,100.367,7.474139999999999,50.0,78.8789,7.74107,60.5872,12.0,8.0,40.0,,,,,,,127.728,221.622,226.69299999999998,291.758,80.8809,218.018,,,,,,,,,,,,,,,,,7.232588430997147
31,1.0,1.0,33.0,Female,A24-new,ASD,4891.91,9.33705,126.0,81.1478,10.0767,55.0,49.7831,10.6106,69.5952,14.0,6.0,30.0,,,,,,,164.298,148.482,258.392,237.905,83.0163,253.387,,,,,,,,,,,,,,,,,-1.5756413701016925
32,1.0,1.0,35.0,Female,A24-new,ASD,4089.96,7.427060000000001,102.0,78.6119,0.467133,45.0,74.8081,0.0,62.1817,15.0,5.0,25.0,,,,,,,234.168,181.648,126.79299999999999,251.185,70.8709,257.39099999999996,,,,,,,,,,,,,,,,,-0.6101349650789629
33,1.0,1.0,35.0,Male,A24-new,ASD,3855.53,6.84133,115.0,78.345,0.867534,66.0,88.0214,1.33467,66.0698,7.0,13.0,65.0,,,,,,,256.39,175.175,154.621,225.292,116.45,245.112,,,,1063.0,47.8241,,,,,,,,,,,,-2.1066997729611145
34,1.0,1.0,36.0,Female,A24-new,ASD,4495.27,8.04221,150.0,134.80100000000002,0.0,57.0,63.1965,0.133466,70.0545,15.0,5.0,25.0,,,,,,,87.5542,244.645,211.87900000000002,241.975,108.44200000000001,229.162,,,,,,,,,,,,,,,,,1.359795558404457
35,1.0,1.0,37.0,Female,A24-new,ASD,5124.85,9.224739999999999,143.0,70.6707,4.67134,76.0,71.33800000000001,5.07174,72.0004,10.0,10.0,50.0,,,,,,,232.49900000000002,145.879,185.452,294.962,98.1648,179.847,,,,,,,,,,,,,,,,,12.12224283869935
36,1.0,1.0,38.0,Female,A24-new,ASD,3992.69,7.43697,131.0,96.4965,5.13847,65.0,66.9336,5.538869999999999,62.5598,8.0,12.0,60.0,,,,,,,231.965,173.574,155.95600000000002,266.26599999999996,94.2276,212.88,,,,,,,,,,,,,,,,,5.570953321117152
37,1.0,1.0,39.0,Female,C1,NT,5171.05,9.03968,96.0,52.6527,17.017,33.0,33.033,61.1278,72.4008,8.0,12.0,60.0,,,,,,,144.47799999999998,163.297,256.52299999999997,313.714,77.8779,192.793,,,,,,,,,,,,,,,,,11.936755069525198
38,1.0,1.0,40.0,Male,C1,NT,3589.13,6.32594,78.0,72.7394,0.0,30.0,65.2653,31.8986,60.4804,13.0,7.0,35.0,,,,,,,255.455,180.18,144.011,262.796,95.2286,219.419,,,,106.0,0.3579,,,,,,,,,,,,4.497682568978561
39,1.0,1.0,41.0,Male,C1,NT,3551.97,6.210780000000001,89.0,69.8699,0.0,36.0,99.4328,10.6106,59.8465,19.0,1.0,5.0,,,,,,,278.278,144.411,134.201,211.47799999999998,125.926,248.715,,,,390.0,17.9951,,,,,,,,,,,,-4.045802521985344
40,1.0,1.0,42.0,Male,C1,NT,5244.91,9.22476,136.0,99.0991,1.5348700000000002,56.0,88.355,7.14047,75.1557,19.0,1.0,5.0,,,,,,,250.25,146.613,180.247,291.158,90.7574,199.132,,,,1.0,0.0002,,,,,,,,,,,,9.384853862000043
41,1.0,1.0,43.0,Male,C1,NT,3751.19,6.3964,91.0,68.8689,1.4014,26.0,64.6647,6.40641,59.5641,13.0,7.0,35.0,,,,,,,229.296,189.32299999999998,143.477,185.58599999999998,144.144,213.88099999999997,,,,1179.0,15.9818,,,,,,,,,,,,-3.5415941742371757
42,1.0,1.0,44.0,Male,C1,NT,2303.66,4.08524,72.0,101.101,31.9653,26.0,73.8739,94.4945,44.117,20.0,0.0,0.0,,,,,,,235.435,155.088,190.99099999999999,317.05,70.337,189.72299999999998,,,,204.0,1.128,,,,,,,,,,,,12.562527995769308
43,1.0,1.0,46.0,Female,A24-new,ASD,3622.66,6.572089999999999,81.0,62.9296,25.4254,27.0,89.4895,25.8926,61.4769,18.0,2.0,10.0,,,,,,,93.1598,212.34599999999998,253.72,331.798,48.315,191.458,,,,,,,,,,,,,,,,,13.410261898573559
44,1.0,1.0,46.0,Male,A24-new,ASD,3300.87,5.636880000000001,105.0,91.2246,6.27294,43.0,148.68200000000002,7.340669999999999,58.4853,16.0,4.0,20.0,,,,,,,261.528,199.666,128.328,323.323,80.0801,173.04,,,,69.0,0.3854,,,,,,,,,,,,15.138416844124166
45,1.0,1.0,47.0,Female,A24-new,ASD,4145.2,7.644080000000001,89.0,69.0691,11.4781,26.0,47.7811,33.6336,63.423,3.0,17.0,85.0,,,,,,,152.286,171.905,258.659,314.448,50.5172,192.192,,,,,,,,,,,,,,,,,12.06537186167693
46,1.0,1.0,48.0,Female,A24-new,ASD,3194.97,6.21775,98.0,77.4107,60.1268,26.0,27.026999999999997,60.3937,55.3492,8.0,12.0,60.0,,,,,,,204.805,149.416,167.1,194.928,113.58,250.45,,,,,,,,,,,,,,,,,-6.2331323055921075
47,1.0,1.0,49.0,Female,A24-new,ASD,3884.02,7.344110000000001,111.0,82.1488,11.5449,52.0,46.7801,18.285,60.3981,9.0,11.0,55.0,,,,,,,188.188,220.354,170.37,338.939,67.4675,182.24900000000002,,,,,,,,,,,,,,,,,15.032003806687783
99,2.0,1.0,42.0,Male,A11-old,ASD,3078.08,5.2832099999999995,58.0,39.306,3.0363700000000002,24.0,33.1331,3.4367699999999997,40.2636,8.0,12.0,60.0,,,,,,,169.57,249.81599999999997,154.922,257.591,74.1408,240.674,,,,,,,,,,,,,,,,,1.6975906395191345
100,2.0,1.0,43.0,Male,A11-old,ASD,4469.81,7.4763,100.0,41.4081,2.66934,43.0,35.4688,3.13647,48.849,9.0,11.0,55.0,,,,,,,148.749,179.947,199.666,278.846,57.324,262.329,,,,,,,,,,,,,,,,,1.5260313207372889
101,2.0,1.0,44.0,Male,A11-old,ASD,3793.11,6.3222,92.0,61.8619,1.7017,36.0,66.2663,2.23557,47.2531,3.0,17.0,85.0,,,,,,,90.2236,300.968,194.02700000000002,235.602,113.514,240.274,,,,,,,,,,,,,,,,,-0.4908841799124133
102,2.0,1.0,45.0,Male,A11-old,ASD,3477.36,6.19451,67.0,39.7064,13.3467,29.0,87.0871,13.8138,42.0262,7.0,13.0,65.0,,,,,,,173.207,245.37900000000002,162.66299999999998,209.476,66.333,317.184,,,,598.0,17.16,,,,,,,,,,,,-10.225572475600963
103,2.0,1.0,47.0,Male,A11-old,ASD,6070.32,10.2737,143.0,75.8091,1.5015,63.0,61.8619,1.9019,57.5043,2.0,18.0,90.0,,,,,,,126.059,172.27200000000002,274.274,216.083,134.835,248.248,,,,373.0,6.629,,,,,,,,,,,,-3.4635852441469623
104,2.0,1.0,48.0,Male,A11-old,ASD,6416.48,10.7239,145.0,90.4238,13.1131,57.0,43.3767,13.3467,61.4636,14.0,6.0,30.0,,,,,,,231.13099999999997,192.459,156.957,295.195,92.5926,173.574,,,,,,,,,,,,,,,,,12.972380852829431
105,2.0,1.0,49.0,Male,A11-old,ASD,5863.56,9.8278,120.0,63.5969,2.26893,48.0,42.9429,2.53587,58.9501,5.0,15.0,75.0,,,,,,,176.00900000000001,176.977,225.926,190.09,83.2833,312.613,,,,338.0,4.1930000000000005,,,,,,,,,,,,-12.18642021233213
106,2.0,1.0,50.0,Male,A11-old,ASD,5254.06,8.903830000000001,158.0,109.54299999999999,2.26893,72.0,111.645,2.56923,55.6303,3.0,17.0,85.0,,,,,,,132.966,251.952,205.50599999999997,270.77099999999996,90.8575,232.666,,,,478.0,16.868,,,,,,,,,,,,3.7844854470370635
107,2.0,1.0,51.0,Male,A11-old,ASD,4212.31,7.23124,107.0,50.2836,9.74308,33.0,52.5526,10.0434,50.1168,10.0,10.0,50.0,,,,,,,267.601,250.11700000000002,69.4027,228.762,126.66,226.66,,,,801.0,22.5,,,,,,,,,,,,0.23077497354102405
108,2.0,1.0,52.0,Male,A11-old,ASD,3766.61,6.36332,63.0,38.4718,20.4204,20.0,13.9473,20.8542,44.4284,15.0,5.0,25.0,,,,,,,216.683,177.74400000000003,179.479,190.09,166.7,208.175,,,,201.0,2.305,,,,,,,,,,,,-2.2704731774069984
109,2.0,1.0,53.0,Male,A11-old,ASD,5532.44,9.27748,99.0,43.677,2.06873,33.0,21.2546,24.3911,59.3528,6.0,14.0,70.0,,,,,,,277.311,116.383,167.0,289.45599999999996,88.2549,201.201,,,,400.0,6.167999999999999,,,,,,,,,,,,8.993553541476018
110,2.0,1.0,54.0,Male,A11-old,ASD,6755.36,11.4035,145.0,78.8455,11.645,61.0,63.5969,33.1331,66.1088,6.0,14.0,70.0,,,,,,,227.861,167.834,177.27700000000002,216.416,187.15400000000002,173.707,,,,184.0,2.036,,,,,,,,,,,,5.473786472471502
111,2.0,1.0,55.0,Female,A11-old,ASD,5242.36,8.80534,96.0,54.1542,2.56923,29.0,61.8285,20.2536,54.9655,16.0,4.0,20.0,,,,,,,212.77900000000002,215.61599999999999,143.51,211.645,124.925,247.447,,,,,,,,,,,,,,,,,-3.8992184573026734
112,2.0,1.0,56.0,Female,A11-old,ASD,6366.45,10.6576,201.0,113.84700000000001,0.4004,85.0,96.8302,0.6006,62.5667,13.0,7.0,35.0,,,,,,,201.268,172.873,172.30599999999998,225.125,104.238,253.053,,,,,,,,,,,,,,,,,-2.920251454479292
113,2.0,1.0,57.0,Female,A11-old,ASD,4398.8,7.4654300000000005,103.0,72.339,8.07474,36.0,74.4411,35.5355,53.6088,10.0,10.0,50.0,,,,,,,190.39,286.987,104.037,280.848,102.102,205.005,,,,,,,,,,,,,,,,,7.80513859130231
114,2.0,1.0,58.0,Female,A11-old,ASD,4329.66,7.441210000000001,98.0,38.5052,4.5045,37.0,67.0003,33.5002,48.6822,9.0,11.0,55.0,,,,,,,223.39,202.33599999999998,157.791,212.74599999999998,113.74700000000001,258.425,,,,,,,,,,,,,,,,,-4.847390862340852
115,2.0,1.0,59.0,Female,A11-old,ASD,4185.98,7.1292800000000005,112.0,90.0901,5.13847,43.0,115.58200000000001,18.1849,50.9342,11.0,9.0,45.0,,,,,,,120.087,216.817,242.176,224.525,112.713,259.159,,,,,,,,,,,,,,,,,-3.58023006756477
116,2.0,1.0,60.0,Female,A11-old,ASD,3504.73,6.14502,97.0,99.7998,14.3477,51.0,61.695,15.1818,42.0207,7.0,13.0,65.0,,,,,,,199.132,222.122,160.06,176.94400000000002,95.5289,314.181,,,,,,,,,,,,,,,,,-13.971697632985489
117,2.0,1.0,61.0,Female,A11-old,ASD,4153.9,7.59053,87.0,57.5242,3.8371699999999995,36.0,31.7317,4.1041,48.0483,14.0,6.0,30.0,,,,,,,272.20599999999996,194.09400000000002,85.3854,284.785,168.468,126.426,,,,,,,,,,,,,,,,,19.25519988521708
118,2.0,1.0,62.0,Female,A11-old,ASD,4194.61,7.4598,107.0,79.4795,11.1111,36.0,92.626,11.5449,47.6368,16.0,4.0,20.0,,,,,,,253.053,233.6,94.4945,294.428,46.9469,241.842,,,,,,,,,,,,,,,,,4.902940682864973
160,3.0,1.0,28.0,Male,N5,NT,5954.47,10.0703,158.0,68.1014,4.2042,64.0,42.1421,16.6166,63.3508,16.0,4.0,20.0,,,,,,,190.657,233.467,144.04399999999998,307.407,97.3307,192.75900000000001,,,,628.0,21.011999999999997,,,,,,,,,,,,11.460994949676703
161,3.0,1.0,29.0,Male,N5,NT,5349.23,8.9268,115.0,46.2129,0.8008,47.0,32.666,0.0,55.4715,14.0,6.0,30.0,,,,,,,184.31799999999998,214.18099999999998,168.30200000000002,387.88800000000003,53.9873,142.142,,,,754.0,29.066999999999997,,,,,,,,,,,,23.1822727015452
162,3.0,1.0,30.0,Male,N5,NT,4195.56,7.089589999999999,73.0,37.2372,0.333667,19.0,19.5863,0.0,52.6023,11.0,9.0,45.0,,,,,,,212.84599999999998,126.994,198.832,204.00400000000002,93.62700000000001,291.592,,,,938.0,41.931999999999995,,,,,,,,,,,,-8.836633064027957
163,3.0,1.0,31.0,Male,N5,NT,4785.65,8.12381,100.0,80.4137,4.07074,34.0,32.1655,5.40541,53.1194,17.0,3.0,15.0,,,,,,,165.43200000000002,146.113,248.549,249.75,136.436,194.46099999999998,,,,954.0,40.114000000000004,,,,,,,,,,,,6.223281278491527
164,3.0,1.0,32.0,Male,N5,NT,5003.37,8.448889999999999,97.0,57.7911,4.5045,29.0,32.4992,73.1398,52.8277,13.0,7.0,35.0,,,,,,,174.107,222.89,166.433,229.02900000000002,53.8205,312.17900000000003,,,,213.0,2.489,,,,,,,,,,,,-7.681889402965226
165,3.0,1.0,33.0,Male,N5,NT,3502.31,5.87409,64.0,34.9683,56.1562,26.0,20.9209,56.5899,43.0796,19.0,1.0,5.0,,,,,,,317.48400000000004,170.938,57.1905,305.272,82.7494,189.389,,,,613.0,9.988999999999999,,,,,,,,,,,,11.71337542276428
166,3.0,1.0,34.0,Male,N5,NT,5921.96,9.87543,146.0,65.5989,4.97164,60.0,41.7751,32.0988,62.4367,15.0,5.0,25.0,,,,,,,269.16900000000004,146.513,143.71,291.491,57.0237,248.18200000000002,,,,413.0,5.569,,,,,,,,,,,,4.01252239782238
167,3.0,1.0,35.0,Male,N5,NT,5201.08,8.79415,159.0,88.3217,36.2696,66.0,101.535,45.4454,56.5645,18.0,2.0,10.0,,,,,,,205.53900000000002,192.25900000000001,181.949,310.41,52.7194,219.18599999999998,,,,519.0,22.999000000000002,,,,,,,,,,,,8.612602814220658
196,3.0,1.0,64.0,Female,N5,NT,6509.3,11.0755,194.0,83.71700000000001,3.13647,77.0,75.0083,30.5639,66.5925,12.0,8.0,40.0,,,,,,,264.765,168.535,156.32299999999998,263.33,176.977,113.947,,,,,,,,,,,,,,,,,19.797522775043277
197,3.0,1.0,65.0,Female,N5,NT,8116.88,13.7584,169.0,69.2025,3.6036,76.0,82.0153,3.8038,65.4637,16.0,4.0,20.0,,,,,,,201.00099999999998,180.18,189.59,320.053,104.671,150.417,,,,,,,,,,,,,,,,,18.028354624099293
198,3.0,1.0,66.0,Female,N5,NT,5248.76,8.79636,129.0,53.3534,16.8502,64.0,54.9883,25.1919,57.1897,18.0,2.0,10.0,,,,,,,256.89,199.166,99.0991,207.908,226.36,143.77700000000002,,,,,,,,,,,,,,,,,9.117676329670012
199,3.0,1.0,67.0,Female,N5,NT,6815.3,11.6014,172.0,81.0811,0.5005,69.0,63.6303,0.8008,61.905,16.0,4.0,20.0,,,,,,,213.08,177.544,172.97299999999998,302.703,94.0607,196.33,,,,,,,,,,,,,,,,,10.65791240258659
200,3.0,1.0,68.0,Female,N5,NT,5270.48,9.030710000000001,125.0,75.1084,10.377,40.0,65.3654,10.7107,57.1262,19.0,1.0,5.0,,,,,,,141.175,226.99400000000003,159.19299999999998,282.416,89.6897,222.122,,,,,,,,,,,,,,,,,5.975169362862651
201,3.0,1.0,69.0,Female,N5,NT,7380.24,12.4675,147.0,59.1925,15.2819,64.0,46.04600000000001,85.986,65.6175,15.0,5.0,25.0,,,,,,,175.30900000000003,193.12599999999998,195.162,276.276,87.8879,223.69,,,,,,,,,,,,,,,,,5.258957609117424
202,3.0,1.0,70.0,Female,N5,NT,6593.69,11.1482,172.0,92.993,9.80981,76.0,52.7861,20.2536,63.599,14.0,6.0,30.0,,,,,,,149.416,196.89700000000002,218.952,248.415,61.7618,280.08,,,,,,,,,,,,,,,,,-2.995771010132543
203,3.0,1.0,71.0,Female,N5,NT,5225.76,9.03728,97.0,38.3717,0.0,27.0,48.1148,8.04137,52.5385,5.0,15.0,75.0,,,,,,,122.22200000000001,239.773,194.261,216.65,69.8365,261.762,,,,,,,,,,,,,,,,,-4.71476467981573
204,3.0,1.0,72.0,Female,N5,NT,4527.5,7.5534,130.0,89.7564,0.233566,51.0,44.2442,0.0,52.6635,18.0,2.0,10.0,,,,,,,108.876,241.24099999999999,202.803,222.75599999999997,144.645,191.625,,,,,,,,,,,,,,,,,3.756325700261357
205,3.0,1.0,73.0,Female,N5,NT,4862.16,8.20398,131.0,70.9042,12.6126,60.0,46.0461,13.1131,52.2742,3.0,17.0,85.0,,,,,,,149.483,258.258,150.784,269.703,120.854,162.963,,,,,,,,,,,,,,,,,12.335149977118604
206,3.0,1.0,74.0,Female,N5,NT,3560.52,6.263730000000001,59.0,66.2996,14.7147,23.0,17.6176,27.3607,42.3599,11.0,9.0,45.0,,,,,,,276.97700000000003,193.227,101.66799999999999,346.647,63.7971,185.452,,,,,,,,,,,,,,,,,15.147087290147141
207,3.0,1.0,75.0,Female,N5,NT,4887.86,8.622069999999999,145.0,78.1782,10.1101,48.0,46.5799,10.3103,51.8294,16.0,4.0,20.0,,,,,,,243.77700000000002,213.58,115.015,274.107,100.53399999999999,218.61900000000003,,,,,,,,,,,,,,,,,5.630715651295041
566,9.0,3.0,1.0,Male,C1,NT,4565.92,7.60987,101.0,54.7214,17.4508,42.0,38.7721,17.7177,53.7396,18.0,2.0,10.0,0.0,0.0,21.0,73.465,4.0,1.38,128.061,245.179,154.588,200.36700000000002,106.139,274.975,,,,,,0.00727,0.01771,140.0,1.0189,71.0,11.0,2991.0,37.0,158.0,2.0,,-7.847823251469471
567,9.0,3.0,2.0,Male,C1,NT,4606.63,7.68969,145.0,68.3684,8.67534,61.0,91.4248,8.97564,52.5218,19.0,1.0,5.0,0.0,0.0,17.0,22.0,5.0,12.69,227.895,168.135,105.839,214.114,95.7291,239.50599999999997,,,,,,0.0114,0.02203,162.0,1.8482,49.0,11.0,4266.0,18.0,158.0,3.0,,-2.798818394250695
568,9.0,3.0,3.0,Male,C1,NT,3706.65,6.179119999999999,127.0,108.509,2.2022,40.0,26.9603,2.4024,44.6255,13.0,7.0,35.0,0.0,0.0,15.0,38.165,0.0,0.0,102.803,230.33,174.74099999999999,219.453,85.9193,277.144,,,,,,0.00978,0.01933,64.0,0.6262,7.0,26.0,49440.0,6.0,200.0,1.0,,-5.808633560009426
569,9.0,3.0,4.0,Male,C1,NT,4120.61,6.86768,91.0,71.3046,4.37104,35.0,51.2512,9.409410000000001,46.9777,14.0,6.0,30.0,0.0,0.0,21.0,56.82,1.0,6.535,231.665,178.378,127.12700000000001,257.524,85.8859,216.61700000000002,,,,,,0.00448,0.00547,12.0,0.0538,2.0,7.0,130670.0,2.0,125893.0,1.0,,4.313801168850617
570,9.0,3.0,5.0,Male,A3-old,ASD,4502.77,7.5046100000000004,158.0,125.292,14.3477,65.0,96.7301,30.8308,53.6117,16.0,4.0,20.0,0.0,0.0,6.0,8.545,5.0,10.355,140.207,144.97799999999998,292.793,245.946,50.8842,251.351,,,,,,0.002,0.008029999999999999,123.0,0.246,,,,,,,,-0.5434378248813161
571,9.0,3.0,6.0,Male,A3-old,ASD,4670.04,7.84403,137.0,74.4411,16.016,69.0,80.1468,16.383,51.1483,13.0,7.0,35.0,0.0,0.0,10.0,19.445,4.0,7.965,246.64700000000002,153.02,97.2306,290.49,62.5292,173.207,,,,,,0.006840000000000001,0.01223,47.0,0.3216,20.0,14.0,16993.0,12.0,100.0,2.0,,12.646512701182019
572,9.0,3.0,7.0,Male,A3-old,ASD,4376.36,7.29758,98.0,85.4521,0.0,38.0,57.0237,3.1031,50.4421,14.0,6.0,30.0,0.0,0.0,10.0,39.585,3.0,8.43,145.91299999999998,213.41299999999998,210.91099999999997,210.644,56.3564,296.43,,,,,,0.006790000000000001,0.01475,379.0,2.5735,165.0,11.0,2135.0,61.0,158.0,3.0,,-8.458923155200225
573,9.0,3.0,8.0,Male,A3-old,ASD,3918.77,6.53528,87.0,57.8579,3.26994,33.0,36.7034,12.6126,47.8841,14.0,6.0,30.0,0.0,0.0,18.0,37.855,1.0,0.66,162.062,155.389,226.593,259.82599999999996,45.5456,220.08700000000002,,,,,,0.00976,0.02169,257.0,2.5103,65.0,13.0,5504.0,21.0,251.0,3.0,,4.140229583278625
574,9.0,3.0,9.0,Male,N5,NT,4115.21,6.8583,115.0,63.9973,20.3537,45.0,45.5455,22.1889,49.1492,18.0,2.0,10.0,2.0,26.885,20.0,68.295,3.0,0.85,198.832,263.163,125.626,165.399,77.8445,321.822,,,,,,0.01957,0.04832,347.0,6.7927,170.0,28.0,2023.0,62.0,158.0,3.0,,-16.05257162560727
575,9.0,3.0,10.0,Male,N5,NT,4068.36,6.7949600000000006,91.0,52.68600000000001,11.5115,34.0,37.671,11.7451,48.5932,19.0,1.0,5.0,0.0,0.0,12.0,34.295,2.0,6.95,115.382,210.043,254.988,264.932,84.351,197.097,,,,,,0.01323,0.038810000000000004,42.0,0.5557,10.0,14.0,14742.0,6.0,100.0,2.0,,7.34098941841313
576,9.0,3.0,11.0,Male,N5,NT,3824.41,6.37367,92.0,52.0854,22.1221,34.0,47.3807,22.3223,49.1548,16.0,4.0,20.0,0.0,0.0,14.0,46.185,0.0,0.0,134.067,294.394,151.618,261.061,54.7214,269.97,,,,,,0.0063,0.009559999999999999,69.0,0.4347,7.0,5.0,22743.0,2.0,19953.0,4.0,,-0.8388399170669842
577,9.0,3.0,12.0,Male,N5,NT,4845.29,8.08088,135.0,80.2135,0.0,56.0,58.8255,14.1475,55.8441,19.0,1.0,5.0,8.0,21.645,35.0,87.865,2.0,6.895,152.186,271.27099999999996,134.334,248.148,80.0134,212.34599999999998,,,,,,0.0018,0.00517,155.0,0.2797,30.0,7.0,11479.0,19.0,158.0,2.0,,3.8873470664112872
578,9.0,3.0,13.0,Male,A24-new,ASD,5425.18,9.05053,131.0,64.7314,4.5045,50.0,50.9843,4.97164,58.1938,12.0,8.0,40.0,3.0,16.86,18.0,50.275,3.0,7.5,203.17,152.386,167.734,218.986,126.86,238.93900000000002,,,,,,0.06956,0.11043,71.0,4.9392,35.0,38.0,7962.0,12.0,1259.0,3.0,,-2.1786318720314526
579,9.0,3.0,14.0,Male,A24-new,ASD,3476.45,5.7960199999999995,95.0,51.5515,2.7694400000000003,44.0,55.0217,5.37204,45.5541,18.0,2.0,10.0,0.0,0.0,13.0,33.955,3.0,9.285,109.209,271.972,191.692,253.58700000000002,70.1368,220.454,,,,,,0.0057799999999999995,0.01217,65.0,0.3757,11.0,7.0,32470.0,8.0,3162.0,1.0,,3.494739906463785
580,9.0,3.0,15.0,Male,A24-new,ASD,3809.97,6.35419,104.0,72.2055,10.8775,45.0,90.6907,11.2779,47.1167,13.0,7.0,35.0,0.0,0.0,12.0,24.135,5.0,14.06,259.32599999999996,164.69799999999998,151.518,261.862,58.3584,245.579,,,,,,0.006,0.01652,67.0,0.402,5.0,11.0,34587.0,4.0,1585.0,1.0,,1.6044229772525256
581,9.0,3.0,16.0,Male,A24-new,ASD,4066.96,6.7945199999999994,108.0,96.0627,5.8058,40.0,56.5232,6.00601,46.9165,16.0,4.0,20.0,0.0,0.0,17.0,48.005,2.0,7.08,178.145,195.329,162.66299999999998,192.52599999999998,73.4735,280.447,,,,,,0.006529999999999999,0.00792,91.0,0.5943,18.0,12.0,20331.0,12.0,3162.0,2.0,,-9.294505183171133
582,9.0,3.0,17.0,Male,C1,NT,3323.37,5.53987,121.0,77.6443,2.7694400000000003,46.0,55.0217,3.57024,45.0234,19.0,1.0,5.0,0.0,0.0,9.0,40.395,4.0,6.185,200.234,260.928,133.567,277.311,78.0781,217.15,,,,,,0.01459,0.02973,48.0,0.7007,8.0,14.0,40117.0,7.0,40.0,1.0,,6.083492934730948
583,9.0,3.0,18.0,Male,C1,NT,4015.33,6.70377,78.0,53.4201,3.0363700000000002,30.0,44.0774,3.33667,50.1501,9.0,11.0,55.0,2.0,6.865,16.0,84.295,3.0,1.62,144.845,245.546,171.738,220.62099999999998,100.96799999999999,255.856,,,,,,0.013859999999999999,0.02529,1059.0,14.68,834.0,21.0,406.0,221.0,158.0,4.0,,-3.697450244188076
584,9.0,3.0,19.0,Male,C1,NT,4117.73,6.8640300000000005,122.0,94.3277,6.139469999999999,39.0,28.4952,6.30631,49.2549,20.0,0.0,0.0,0.0,0.0,15.0,39.265,1.0,10.465,159.86,275.475,155.055,322.45599999999996,78.5786,185.886,,,,,,0.00896,0.01886,85.0,0.7619,25.0,8.0,12375.0,20.0,100.0,1.0,,13.432885734407144
585,9.0,3.0,20.0,Male,C1,NT,4034.71,6.76288,96.0,69.0023,57.6243,42.0,106.37299999999999,113.01299999999999,46.8972,19.0,1.0,5.0,0.0,0.0,16.0,37.99,4.0,5.74,98.1315,221.655,219.987,145.946,108.742,291.491,,,,,,0.00317,0.00566,66.0,0.2093,,,,,,,,-16.636109885537806
586,9.0,3.0,21.0,Male,A3-old,ASD,3395.41,5.65902,70.0,44.3443,3.1031,31.0,78.5452,3.4701400000000002,42.5346,9.0,11.0,55.0,0.0,0.0,20.0,69.25,2.0,11.29,126.62700000000001,230.43,217.851,311.311,84.3177,168.735,,,,,,0.01902,0.021840000000000002,1509.0,28.7119,1239.0,23.0,243.0,195.0,158.0,6.0,,14.850243518329492
587,9.0,3.0,22.0,Male,A3-old,ASD,3102.36,5.1706,125.0,119.01899999999999,11.5115,63.0,100.96799999999999,13.2799,42.4234,5.0,15.0,75.0,0.0,0.0,22.0,80.73,0.0,0.0,84.2509,230.23,160.194,157.724,82.9496,281.582,,,,,,0.00197,0.0032700000000000003,44.0,0.0867,5.0,13.0,29555.0,4.0,25.0,1.0,,-14.09700755282195
588,9.0,3.0,23.0,Male,A3-old,ASD,3888.1,6.48016,82.0,34.7347,1.7350700000000001,24.0,31.8652,85.0517,47.3058,16.0,4.0,20.0,0.0,0.0,12.0,40.65,2.0,0.71,262.83,138.605,176.143,198.732,87.3207,294.29400000000004,,,,,,0.01165,0.027460000000000002,77.0,0.8975,16.0,34.0,17037.0,11.0,32.0,1.0,,-9.691375302722378
589,9.0,3.0,24.0,Male,A3-old,ASD,3825.27,6.43882,76.0,31.1979,6.10611,30.0,36.9369,89.5229,46.2492,13.0,7.0,35.0,0.0,0.0,10.0,33.48,0.0,0.0,131.498,209.77599999999998,198.465,158.091,82.5492,280.747,,,,,,0.00561,0.010920000000000001,173.0,0.9711,55.0,19.0,432.0,15.0,158.0,4.0,,-13.975088757126777
590,9.0,3.0,25.0,Male,N5,NT,4234.59,7.060789999999999,122.0,65.5322,5.10511,35.0,76.977,16.4498,52.7721,20.0,0.0,0.0,0.0,0.0,13.0,27.645,2.0,7.55,244.378,222.68900000000002,118.685,174.675,144.645,252.28599999999997,,,,,,0.0054399999999999995,0.01199,59.0,0.3211,7.0,24.0,44243.0,6.0,13.0,1.0,,-9.088769231850215
591,9.0,3.0,26.0,Male,N5,NT,6000.65,10.0469,144.0,93.2599,6.139469999999999,71.0,79.7798,6.3730400000000005,62.3923,5.0,15.0,75.0,,,,,,,108.041,237.47099999999998,228.862,262.496,57.7911,216.984,,,,,,0.011009999999999999,0.01899,60.0,0.661,34.0,10.0,8608.0,28.0,20.0,1.0,,4.745974806039868
592,9.0,3.0,27.0,Male,N5,NT,6029.94,10.0555,105.0,48.9823,17.3507,48.0,61.9953,17.5843,59.7509,19.0,1.0,5.0,0.0,0.0,11.0,23.35,3.0,0.8,183.417,252.58599999999998,138.705,277.51099999999997,79.5462,207.207,,,,,,0.010020000000000001,0.0204,84.0,0.842,12.0,14.0,29943.0,11.0,32.0,1.0,,7.252051708416026
593,9.0,3.0,28.0,Male,N5,NT,6094.96,10.2117,150.0,65.4988,1.26793,58.0,54.0207,26.6934,62.0531,18.0,2.0,10.0,1.0,1.705,13.0,27.05,3.0,2.83,139.70600000000002,165.132,250.984,268.368,78.2115,168.135,,,,,,0.00928,0.01926,86.0,0.7986,18.0,9.0,17759.0,7.0,5012.0,3.0,,11.481364389248185
594,9.0,3.0,29.0,Male,A24-new,ASD,4360.22,7.26703,101.0,68.2349,5.8058,33.0,33.1665,61.4281,54.4459,16.0,4.0,20.0,0.0,0.0,19.0,58.565,3.0,12.055,104.571,145.145,330.597,276.777,70.2035,240.541,,,,,,0.00299,0.00488,53.0,0.1588,4.0,7.0,42462.0,3.0,10000.0,1.0,,3.5022945267707613
595,9.0,3.0,30.0,Male,A24-new,ASD,3228.06,5.38011,65.0,48.1815,0.0,19.0,19.6864,36.9369,43.758,15.0,5.0,25.0,0.0,0.0,19.0,33.225,1.0,11.865,258.659,154.388,116.083,307.64099999999996,48.9823,210.91099999999997,,,,,,0.00677,0.01217,28.0,0.1898,8.0,22.0,46013.0,6.0,16.0,1.0,,9.326933460867956
596,9.0,3.0,31.0,Male,A24-new,ASD,4697.43,7.8308,123.0,103.73700000000001,6.84017,50.0,67.5676,7.14047,55.0742,7.0,13.0,65.0,0.0,0.0,25.0,88.26,1.0,6.73,137.804,209.243,240.507,272.639,70.7374,225.25900000000001,,,,,,0.013619999999999998,0.01846,879.0,11.9734,761.0,23.0,430.0,115.0,158.0,7.0,,4.758002643111645
597,9.0,3.0,32.0,Male,A24-new,ASD,4518.61,7.53604,145.0,69.1692,6.94027,55.0,55.5222,7.640969999999999,54.4292,16.0,4.0,20.0,0.0,0.0,21.0,102.525,2.0,7.165,153.42,259.026,117.91799999999999,272.472,71.4047,197.69799999999998,,,,,,0.01626,0.04179,42.0,0.683,,,,,,,,7.951804666397258
598,9.0,3.0,33.0,Male,C1,NT,4213.85,7.02309,113.0,48.4151,13.8472,38.0,30.7641,15.4821,52.1882,18.0,2.0,10.0,0.0,0.0,22.0,45.96,4.0,2.605,249.55,192.05900000000003,133.3,207.908,118.919,265.165,,,,,,0.01223,0.03307,80.0,0.9786,12.0,9.0,27753.0,2.0,50119.0,6.0,,-6.051603029553576
599,9.0,3.0,34.0,Male,C1,NT,3593.67,5.99179,83.0,58.692,3.5035,29.0,54.3877,15.6823,47.4003,12.0,8.0,40.0,0.0,0.0,23.0,111.04,2.0,2.225,160.194,235.83599999999998,173.64,288.08799999999997,80.4138,203.87099999999998,,,,,,0.00386,0.007559999999999999,221.0,0.8535,97.0,8.0,1068.0,45.0,158.0,2.0,,8.559351490673002
600,9.0,3.0,35.0,Male,C1,NT,2687.43,4.5174900000000004,75.0,44.5779,6.47314,31.0,68.0681,6.84017,36.3844,11.0,9.0,45.0,11.0,61.295,12.0,51.995,6.0,14.505,92.8262,151.518,310.344,325.392,33.4001,210.67700000000002,,,,,,0.04745,0.07175,154.0,7.3079,44.0,85.0,8079.0,28.0,501.0,2.0,,10.699648739248126
601,9.0,3.0,36.0,Male,C1,NT,3983.77,6.641839999999999,139.0,116.21600000000001,1.13447,47.0,92.2923,10.5105,48.9907,16.0,4.0,20.0,6.0,18.505,27.0,83.535,2.0,10.405,107.374,193.06,246.34599999999998,264.36400000000003,68.7688,198.09799999999998,,,,,,0.017830000000000002,0.09162000000000001,279.0,4.9766,99.0,19.0,3508.0,29.0,158.0,3.0,,7.16448054110392
602,9.0,3.0,37.0,Female,C1,NT,5410.56,9.02312,136.0,118.185,9.34268,58.0,63.2966,9.54288,57.3899,9.0,11.0,55.0,4.0,13.98,20.0,56.52,3.0,2.945,211.512,254.08700000000002,112.713,262.863,61.0611,271.905,,,,,,0.02341,0.04568,862.0,20.1866,559.0,35.0,440.0,116.0,158.0,5.0,,-0.8454133381204585
603,9.0,3.0,38.0,Female,C1,NT,4846.27,8.082510000000001,125.0,53.5536,4.73807,53.0,48.9489,18.5185,54.6653,2.0,18.0,90.0,0.0,0.0,16.0,65.83,3.0,19.59,154.02100000000002,254.054,118.819,262.96299999999997,113.08,205.03799999999998,,,,,,0.021269999999999997,0.03053,689.0,14.6552,465.0,31.0,744.0,63.0,158.0,7.0,,6.188555152659923
604,9.0,3.0,41.0,Female,A3-old,ASD,4084.18,6.814539999999999,123.0,111.211,7.74107,57.0,63.1965,9.80981,48.2151,10.0,10.0,50.0,0.0,0.0,10.0,22.07,0.0,0.0,145.512,230.297,201.86900000000003,265.399,89.7231,199.5,,,,,,0.00549,0.00813,36.0,0.1978,4.0,5.0,51586.0,3.0,39811.0,1.0,,7.087453403857616
605,9.0,3.0,42.0,Female,A3-old,ASD,3872.06,6.48806,91.0,109.376,10.5772,38.0,78.1114,92.7261,48.5431,15.0,5.0,25.0,0.0,0.0,11.0,14.28,5.0,19.255,116.149,219.987,214.615,234.13400000000001,104.705,211.31099999999998,,,,,,0.00247,0.00563,29.0,0.0719,12.0,6.0,28792.0,8.0,501.0,2.0,,2.5618202022696437
606,9.0,3.0,43.0,Female,A3-old,ASD,4416.78,7.36539,126.0,64.1975,3.5035,42.0,26.3597,32.5993,52.7135,5.0,15.0,75.0,0.0,0.0,16.0,18.38,3.0,10.74,331.565,114.448,124.491,260.427,62.3957,234.801,,,,,,0.0056700000000000006,0.01651,397.0,2.2528,121.0,19.0,2945.0,50.0,158.0,2.0,,2.587293125590641
607,9.0,3.0,44.0,Female,A3-old,ASD,4498.46,7.58005,113.0,63.5636,1.93527,52.0,111.979,2.1688400000000003,48.9546,2.0,18.0,90.0,0.0,0.0,8.0,4.69,2.0,11.65,169.903,311.712,80.1802,246.68,78.7454,218.118,,,,,,0.00942,0.01385,54.0,0.5088,48.0,25.0,5838.0,16.0,200.0,3.0,,3.072517523741496
608,9.0,3.0,45.0,Female,A24-new,ASD,3146.45,5.2575400000000005,88.0,117.78399999999999,9.576239999999999,36.0,64.4645,10.5105,40.1268,13.0,7.0,35.0,0.0,0.0,12.0,13.51,4.0,12.105,246.446,176.577,111.37799999999999,307.241,74.1742,177.21099999999998,,,,,,0.00573,0.013669999999999998,137.0,0.7851,49.0,13.0,6660.0,29.0,158.0,2.0,,13.42031821522049
609,9.0,3.0,46.0,Female,A24-new,ASD,4195.94,7.01313,154.0,112.31200000000001,12.9463,57.0,59.6263,13.2466,49.4967,14.0,6.0,30.0,0.0,0.0,14.0,22.945,1.0,7.855,158.058,196.96400000000003,94.4611,365.265,47.9813,113.113,,,,,,0.0055,0.01227,154.0,0.8478,43.0,16.0,7564.0,26.0,158.0,2.0,,26.354890902173594
610,9.0,3.0,47.0,Female,A24-new,ASD,3367.88,5.61439,53.0,20.2202,15.9159,16.0,12.6793,16.3497,41.3502,3.0,17.0,85.0,0.0,0.0,22.0,35.19,3.0,11.035,109.84299999999999,189.523,256.52299999999997,293.193,87.2206,190.757,,,,,,0.014780000000000001,0.0319,634.0,9.3744,497.0,24.0,694.0,114.0,158.0,4.0,,10.583324723628472
611,9.0,3.0,48.0,Female,A24-new,ASD,5198.9,8.6885,157.0,86.2529,5.9059,65.0,55.5222,6.17284,58.8667,14.0,6.0,30.0,0.0,0.0,19.0,21.165,4.0,6.81,171.37099999999998,185.986,182.983,234.768,76.1762,244.111,,,,,,0.01811,0.02516,985.0,17.8475,794.0,29.0,380.0,96.0,200.0,8.0,,-0.9755073828670717
612,9.0,3.0,49.0,Female,A24-new,ASD,4545.01,7.57923,98.0,66.0661,6.97364,46.0,56.8569,7.807810000000001,53.9343,13.0,7.0,35.0,0.0,0.0,15.0,22.15,1.0,7.03,229.12900000000002,175.24200000000002,171.00400000000002,279.44599999999997,37.6043,214.014,,,,,,0.00773,0.02185,294.0,2.2748,152.0,16.0,2361.0,57.0,200.0,3.0,,6.629919345033031
613,9.0,3.0,50.0,Female,A24-new,ASD,4854.5,8.14064,112.0,66.1328,3.7704400000000002,41.0,68.335,4.07074,57.6266,8.0,12.0,60.0,0.0,0.0,18.0,14.605,0.0,0.0,192.593,200.334,175.576,172.639,50.5505,256.89,,,,,,0.007359999999999999,0.00949,48.0,0.3533,31.0,21.0,6456.0,21.0,200.0,1.0,,-9.807370398739081
614,9.0,3.0,51.0,Female,A24-new,ASD,5394.26,8.996939999999999,116.0,59.0924,6.606610000000001,40.0,57.3907,22.8562,58.027,12.0,8.0,40.0,0.0,0.0,6.0,6.845,6.0,19.255,206.24,219.62,155.756,178.512,100.46700000000001,304.671,,,,,,0.01144,0.031889999999999995,481.0,5.503,135.0,18.0,2638.0,43.0,158.0,3.0,,-13.054991587038451
615,9.0,3.0,53.0,Female,C1,NT,3478.48,5.82532,114.0,53.1198,0.667334,39.0,27.9947,0.0,40.8141,16.0,4.0,20.0,0.0,0.0,12.0,13.315,3.0,11.67,170.571,229.563,174.942,247.114,114.081,216.65,,,,,,0.0049299999999999995,0.00898,143.0,0.7056,95.0,14.0,3580.0,44.0,200.0,2.0,,3.2844291493087
616,9.0,3.0,54.0,Female,C1,NT,3481.26,5.8339,87.0,98.5319,0.6339670000000001,32.0,32.9329,0.0,42.3821,15.0,5.0,25.0,0.0,0.0,14.0,10.985,0.0,0.0,145.21200000000002,226.393,186.52,219.68599999999998,64.7314,266.033,,,,,,0.02076,0.05055,16.0,0.3323,3.0,22.0,22924.0,2.0,6310.0,2.0,,-4.770968399424362
617,9.0,3.0,55.0,Female,C1,NT,6040.96,10.0828,150.0,68.335,1.03437,48.0,91.6583,33.9006,64.7687,11.0,9.0,45.0,0.0,0.0,22.0,39.375,2.0,5.385,162.262,195.495,214.114,212.84599999999998,119.45299999999999,235.903,,,,,,0.0268,0.03284,621.0,16.6465,603.0,33.0,514.0,90.0,200.0,7.0,,-2.5690307944975928
618,9.0,3.0,56.0,Female,C1,NT,3636.04,6.35851,133.0,105.839,9.34268,66.0,91.6583,9.84318,49.9555,7.0,13.0,65.0,0.0,0.0,24.0,46.38,8.0,11.025,143.67700000000002,192.993,219.68599999999998,253.854,68.9022,218.252,,,,,,0.0146,0.02342,851.0,12.4265,758.0,22.0,426.0,114.0,200.0,7.0,,3.7705515286821196
619,9.0,3.0,57.0,Female,A3-old,ASD,5265.93,8.79367,136.0,60.06,15.6156,44.0,37.8378,16.0494,58.7967,17.0,3.0,15.0,0.0,0.0,14.0,12.54,3.0,10.185,108.775,205.572,243.67700000000002,281.181,84.5846,213.81400000000002,,,,,,0.01103,0.03292,151.0,1.6659,60.0,20.0,5724.0,28.0,158.0,2.0,,6.804816210264747
620,9.0,3.0,58.0,Female,A3-old,ASD,3721.59,6.33692,99.0,75.8091,0.233566,38.0,51.4515,0.0,44.1559,12.0,8.0,40.0,0.0,0.0,11.0,14.1,2.0,8.925,141.441,190.257,222.08900000000003,216.55,69.6363,258.45799999999997,,,,,,0.00445,0.0058,22.0,0.098,3.0,5.0,42413.0,2.0,50119.0,2.0,,-4.411294125572617
621,9.0,3.0,59.0,Female,A3-old,ASD,5925.77,10.1315,159.0,78.1782,0.467133,60.0,55.68899999999999,0.8008,61.6882,17.0,3.0,15.0,0.0,0.0,22.0,35.965,1.0,8.98,197.364,210.077,170.938,354.18800000000005,68.335,159.826,,,,,,0.00526,0.00878,85.0,0.4471,63.0,8.0,3424.0,31.0,158.0,2.0,,18.906294381086894
622,9.0,3.0,60.0,Female,A3-old,ASD,7197.69,11.9988,174.0,59.7264,1.2345700000000002,67.0,50.1168,1.43477,70.5238,15.0,5.0,25.0,0.0,0.0,14.0,32.07,2.0,8.35,138.705,242.075,170.771,250.484,69.8699,187.62099999999998,,,,,,0.009909999999999999,0.02062,415.0,4.1131,218.0,17.0,1301.0,50.0,158.0,4.0,,7.174421656908734
623,9.0,3.0,61.0,Female,N5,NT,4917.92,8.414589999999999,133.0,80.2803,3.5035,48.0,53.0864,15.5822,54.6627,10.0,10.0,50.0,0.0,0.0,11.0,8.655,2.0,6.54,230.56400000000002,145.179,211.945,226.76,95.6623,223.924,,,,,,0.00727,0.01718,46.0,0.3348,19.0,17.0,12496.0,16.0,100.0,1.0,,0.3146328691500031
624,9.0,3.0,62.0,Female,N5,NT,4206.87,7.08355,96.0,67.6677,2.63597,36.0,57.324,51.2513,48.6237,20.0,0.0,0.0,0.0,0.0,16.0,40.25,2.0,3.955,162.362,199.199,189.89,246.38,41.8752,191.75799999999998,,,,,,0.0056700000000000006,0.00974,46.0,0.2612,14.0,8.0,24860.0,10.0,398.0,1.0,,6.23342417229275
625,9.0,3.0,63.0,Female,N5,NT,3011.0,5.01973,56.0,26.026,13.6136,23.0,22.0554,13.9806,40.1601,1.0,19.0,95.0,0.0,0.0,23.0,29.78,2.0,13.54,216.817,214.94799999999998,129.062,,,,,,,,,0.01485,0.03703,15.0,0.2228,7.0,31.0,29381.0,4.0,158.0,2.0,,
626,9.0,3.0,64.0,Female,N5,NT,3909.15,6.66348,102.0,75.6423,0.867534,42.0,70.704,7.57424,44.8924,15.0,5.0,25.0,0.0,0.0,7.0,3.985,8.0,12.72,260.527,140.674,102.536,,,,,,,,,0.0038299999999999996,0.005379999999999999,64.0,0.2451,16.0,10.0,22297.0,7.0,12589.0,2.0,,
628,9.0,3.0,69.0,Female,N5,NT,3604.23,6.1997800000000005,63.0,48.3817,7.040369999999999,22.0,17.651,7.87454,46.7304,19.0,1.0,5.0,0.0,0.0,10.0,25.435,2.0,7.035,264.131,225.359,81.715,263.46299999999997,72.7394,228.328,,,,,,0.01015,0.0277,525.0,5.3321,213.0,15.0,1378.0,67.0,158.0,3.0,,3.572147517949695
629,9.0,3.0,70.0,Female,N5,NT,4415.32,7.40043,147.0,91.2913,1.43477,63.0,142.67600000000002,0.0,50.4615,16.0,4.0,20.0,0.0,0.0,8.0,9.92,5.0,30.565,253.08599999999998,208.709,91.992,265.966,115.382,165.799,,,,,,0.006679999999999999,0.01567,21.0,0.1403,18.0,19.0,20660.0,6.0,1000.0,3.0,,11.599712806735155
630,9.0,3.0,71.0,Female,N5,NT,3799.05,6.343380000000001,86.0,57.2906,4.97164,27.0,26.1929,5.13847,43.7834,19.0,1.0,5.0,0.0,0.0,6.0,4.035,3.0,16.045,184.618,233.13299999999998,157.357,228.06099999999998,83.2833,258.725,,,,,,0.01005,0.027630000000000002,54.0,0.5429,17.0,16.0,19639.0,2.0,63096.0,9.0,,-3.149638650248775
631,9.0,3.0,72.0,Female,N5,NT,5082.56,8.49455,135.0,61.3947,5.03837,55.0,75.5422,19.5529,56.1888,16.0,4.0,20.0,0.0,0.0,13.0,18.06,2.0,7.99,81.9486,216.95,250.11700000000002,205.572,68.1014,271.905,,,,,,0.01031,0.01737,13.0,0.1341,5.0,2.0,11.0,11.0,5.0,3.0,,-6.946198455632413
632,10.0,3.0,1.0,Male,C4,NT,4615.37,7.844989999999999,128.0,82.9496,16.7834,57.0,81.2479,17.2506,54.4292,16.0,4.0,20.0,0.0,0.0,20.0,48.85,3.0,10.0,132.933,134.168,310.677,298.532,87.354,187.054,,,,,,0.0231,0.0265,818.0,18.8983,658.0,32.0,495.0,81.0,158.0,8.0,,11.478708199989285
633,10.0,3.0,2.0,Male,C4,NT,6248.69,10.6873,133.0,68.2683,8.74207,55.0,63.5969,9.14247,62.141999999999996,10.0,10.0,50.0,5.0,25.64,27.0,77.505,2.0,10.465,185.452,195.99599999999998,153.62,239.57299999999998,70.7708,201.502,,,,,,0.01974,0.02754,1833.0,36.194,1875.0,25.0,163.0,241.0,158.0,8.0,,4.3157059457008415
634,10.0,3.0,3.0,Male,C4,NT,4435.45,7.507219999999999,143.0,123.223,0.8008,59.0,68.6687,1.16783,50.2697,9.0,11.0,55.0,0.0,0.0,18.0,64.925,5.0,9.42,184.084,143.143,186.22,328.662,60.2269,184.18400000000003,,,,,,0.01105,0.02512,272.0,3.0072,443.0,19.0,718.0,108.0,158.0,4.0,,14.085904930524947
635,10.0,3.0,4.0,Male,C4,NT,4872.52,8.155330000000001,118.0,65.2653,0.16683299999999998,41.0,46.7467,0.0,52.0102,7.0,13.0,65.0,0.0,0.0,31.0,76.515,6.0,13.865,296.63,118.318,135.369,272.139,68.0013,214.815,,,,,,0.01629,0.0201,1012.0,16.4909,1200.0,25.0,259.0,169.0,158.0,7.0,,5.885976909523286
636,10.0,3.0,5.0,Male,A9-old,ASD,3580.4,6.04601,102.0,123.557,0.967634,38.0,77.5108,1.16783,45.543,17.0,3.0,15.0,0.0,0.0,7.0,7.75,0.0,0.0,162.563,240.774,162.963,296.93,74.6079,201.06799999999998,,,,,,0.032080000000000004,0.06629,137.0,4.3955,13.0,16.0,19873.0,9.0,7943.0,1.0,,9.624737448744774
637,10.0,3.0,6.0,Male,A9-old,ASD,3733.72,6.28967,130.0,113.113,11.0777,52.0,72.7394,14.648,47.3113,12.0,8.0,40.0,0.0,0.0,20.0,57.385,5.0,9.665,176.476,289.52299999999997,114.381,269.403,88.7554,183.417,,,,,,0.007490000000000001,0.0203,121.0,0.9069,83.0,8.0,4359.0,39.0,158.0,2.0,,9.494501126275338
638,10.0,3.0,7.0,Male,A9-old,ASD,4488.96,7.49202,134.0,107.274,0.0,52.0,108.008,0.033366,55.0131,11.0,9.0,45.0,0.0,0.0,17.0,57.15,3.0,11.365,167.301,230.097,159.059,257.157,82.3824,197.53099999999998,,,,,,0.00735,0.01848,148.0,1.0889,3.0,5.0,154660.0,2.0,39811.0,2.0,,6.556803786332601
639,10.0,3.0,8.0,Male,A9-old,ASD,4905.92,8.2657,129.0,105.806,2.4024,54.0,53.8539,19.8866,55.191,10.0,10.0,50.0,0.0,0.0,11.0,25.3,2.0,11.455,209.843,191.19099999999997,156.29,227.69400000000002,42.9096,250.083,,,,,,0.005370000000000001,0.015719999999999998,168.0,0.9028,10.0,5.0,26651.0,9.0,32.0,1.0,,-2.3430386979699733
640,10.0,3.0,9.0,Male,A17-old,ASD,2770.13,5.23559,54.0,52.1522,1.33467,26.0,43.5769,11.378,37.035,18.0,2.0,10.0,0.0,0.0,14.0,25.46,4.0,7.995,148.582,289.656,138.672,257.558,91.6583,211.812,,,,,,0.01677,0.039830000000000004,130.0,2.1803,47.0,7.0,6515.0,32.0,631.0,1.0,,4.873127809617145
641,10.0,3.0,10.0,Male,A17-old,ASD,2946.9,5.11991,76.0,58.0914,29.9299,38.0,56.2229,79.71300000000001,42.1898,9.0,11.0,55.0,0.0,0.0,8.0,14.475,4.0,13.565,165.132,213.213,191.458,288.822,77.97800000000001,201.602,,,,,,0.03425,0.04625,151.0,5.1727,12.0,12.0,24859.0,2.0,63096.0,6.0,,8.89230543366557
642,10.0,3.0,11.0,Male,A17-old,ASD,3459.66,5.79026,110.0,135.269,4.87154,50.0,68.0681,6.873539999999999,44.7589,10.0,10.0,50.0,0.0,0.0,14.0,37.155,2.0,0.575,182.015,160.861,221.622,212.045,45.0117,288.488,,,,,,0.011090000000000001,0.01441,417.0,4.626,861.0,23.0,388.0,170.0,158.0,5.0,,-7.6361598535960695
643,10.0,3.0,12.0,Male,A17-old,ASD,4252.27,7.14272,99.0,61.1612,0.2002,30.0,18.4518,0.0,51.898999999999994,12.0,8.0,40.0,0.0,0.0,11.0,40.07,1.0,4.89,255.28900000000002,141.708,147.481,258.29200000000003,81.0477,218.15099999999998,,,,,,0.00897,0.01714,101.0,0.906,173.0,5.0,1995.0,8.0,6310.0,22.0,,4.212571073559701
644,10.0,3.0,13.0,Male,A11-old,ASD,4115.57,6.989489999999999,127.0,72.3056,3.6036,52.0,59.326,3.93727,53.2751,14.0,6.0,30.0,0.0,0.0,12.0,34.26,3.0,8.315,156.99,161.128,194.96200000000002,272.606,60.6273,228.929,,,,,,0.01081,0.0244,107.0,1.1573,22.0,7.0,15112.0,11.0,5012.0,2.0,,4.354332200145556
645,10.0,3.0,14.0,Male,A11-old,ASD,3919.7,6.78683,84.0,51.7851,2.56923,26.0,22.1889,3.13647,46.2077,7.0,13.0,65.0,0.0,0.0,21.0,29.345,3.0,11.395,207.50799999999998,181.648,175.375,283.75,35.1685,217.15,,,,,,0.01485,0.03456,108.0,1.6038,84.0,5.0,4111.0,20.0,3981.0,4.0,,6.6480335396286705
646,10.0,3.0,15.0,Male,A11-old,ASD,4535.39,7.581760000000001,137.0,84.8515,2.33567,57.0,89.3894,12.645999999999999,54.3261,13.0,7.0,35.0,0.0,0.0,15.0,57.33,11.0,18.32,98.365,158.091,302.236,255.65599999999998,53.95399999999999,226.293,,,,,,0.014130000000000002,0.01895,345.0,4.8752,456.0,29.0,727.0,63.0,158.0,7.0,,3.0462766807276296
647,10.0,3.0,16.0,Male,A11-old,ASD,3895.77,6.5289,90.0,57.1572,5.5055,23.0,26.0928,16.9169,48.7767,15.0,5.0,25.0,5.0,22.805,16.0,72.185,5.0,9.2,207.774,248.949,90.7574,279.513,55.4555,212.713,,,,,,0.00109,0.0034700000000000004,875.0,0.9593,89.0,13.0,4035.0,57.0,158.0,2.0,,6.785500969067051
648,10.0,3.0,17.0,Male,C4,NT,4026.93,6.826960000000001,127.0,64.331,15.9826,41.0,38.4051,16.2162,49.7331,14.0,6.0,30.0,0.0,0.0,21.0,77.5,5.0,9.725,184.852,234.067,135.235,350.284,73.97399999999999,143.01,,,,,,0.00995,0.013869999999999999,653.0,6.4994,927.0,22.0,347.0,144.0,158.0,6.0,,21.009175055849056
649,10.0,3.0,18.0,Male,C4,NT,5089.01,8.544889999999999,132.0,72.6727,0.0,55.0,82.8829,0.033366,58.1183,14.0,6.0,30.0,0.0,0.0,19.0,36.3,1.0,1.51,222.623,211.71200000000002,109.61,216.45,69.1692,267.501,,,,,,0.0063100000000000005,0.013819999999999999,98.0,0.6185,18.0,6.0,17796.0,6.0,12589.0,3.0,,-5.2743976146345375
650,10.0,3.0,19.0,Male,C4,NT,3737.32,6.38365,88.0,61.3947,2.03537,47.0,120.02,2.2022,41.915,18.0,2.0,10.0,0.0,0.0,11.0,20.51,4.0,13.005,146.813,249.95,159.526,249.71599999999998,43.1431,254.988,,,,,,0.014490000000000001,0.0339,95.0,1.3774,16.0,12.0,22185.0,12.0,200.0,1.0,,-0.522286330205425
651,10.0,3.0,20.0,Male,C4,NT,4968.51,8.29238,141.0,80.5806,0.2002,64.0,113.28,4.4044,56.7226,9.0,11.0,55.0,0.0,0.0,23.0,49.405,0.0,0.0,141.108,179.713,240.84099999999998,228.295,64.3644,266.567,,,,,,0.00864,0.03028,133.0,1.1501,9.0,13.0,43073.0,7.0,251.0,1.0,,-3.8669366409221126
652,10.0,3.0,21.0,Male,A9-old,ASD,4844.17,8.15204,107.0,54.3543,6.23957,32.0,83.1498,6.439769999999999,54.4206,15.0,5.0,25.0,0.0,0.0,11.0,19.365,3.0,9.835,159.76,203.303,204.638,268.235,61.9286,234.167,,,,,,0.00823,0.023780000000000003,280.0,2.3058,18.0,9.0,17810.0,4.0,15849.0,5.0,,3.390511980445936
653,10.0,3.0,22.0,Male,A9-old,ASD,3253.49,5.5449,98.0,69.7364,5.33867,34.0,51.3847,5.538869999999999,41.6593,20.0,0.0,0.0,0.0,0.0,12.0,35.125,2.0,11.29,145.612,197.331,198.19799999999998,241.175,32.5325,280.848,,,,,,0.013030000000000002,0.03247,335.0,4.3651,42.0,6.0,7670.0,8.0,10000.0,5.0,,-3.799928355647168
654,10.0,3.0,23.0,Male,A9-old,ASD,4991.98,8.366019999999999,127.0,61.1278,1.7684400000000002,47.0,72.2055,1.93527,55.1323,17.0,3.0,15.0,0.0,0.0,13.0,29.25,1.0,9.2,175.87599999999998,204.671,166.233,261.128,56.5232,225.058,,,,,,0.0134,0.029810000000000003,185.0,2.4797,61.0,7.0,5863.0,3.0,31623.0,20.0,,3.7094856700933363
655,10.0,3.0,24.0,Male,A9-old,ASD,3759.0,6.277909999999999,99.0,97.3307,19.4862,29.0,57.5242,19.8198,47.3476,13.0,7.0,35.0,6.0,40.985,14.0,50.495,0.0,0.0,120.68700000000001,210.077,218.018,156.523,87.8545,293.961,,,,,,0.07662000000000001,0.08276,331.0,2.3753,64.0,36.0,5028.0,10.0,6310.0,6.0,,-15.2544818461921
656,10.0,3.0,25.0,Male,A17-old,ASD,5702.23,9.73099,113.0,75.2085,12.2789,40.0,25.2252,12.6793,57.5845,5.0,15.0,75.0,0.0,0.0,12.0,30.265,3.0,10.435,125.52600000000001,247.114,196.697,309.61,77.6443,193.46,,,,,,0.00966,0.0253,119.0,1.1496,79.0,6.0,4096.0,15.0,6310.0,5.0,,11.544119108672746
657,10.0,3.0,26.0,Male,A17-old,ASD,3833.02,6.40761,101.0,89.5562,1.2345700000000002,49.0,104.738,1.5015,46.0576,3.0,17.0,85.0,0.0,0.0,9.0,6.62,4.0,25.135,199.533,249.149,116.383,245.946,64.8315,255.956,,,,,,0.00774,0.028089999999999997,116.0,0.8981,20.0,4.0,16779.0,12.0,2512.0,2.0,,-0.9972066259947212
658,10.0,3.0,27.0,Male,A17-old,ASD,4029.89,6.84515,120.0,63.9973,0.0,52.0,75.5756,17.3173,51.0954,8.0,12.0,60.0,0.0,0.0,16.0,36.44,2.0,6.145,157.457,186.42,194.66099999999997,275.108,46.0794,217.351,,,,,,0.008579999999999999,0.01863,215.0,1.848,17.0,5.0,21057.0,2.0,63096.0,9.0,,5.864143004798365
659,10.0,3.0,28.0,Male,A17-old,ASD,3019.04,5.15324,103.0,90.2569,4.37104,41.0,72.8061,4.67134,39.9911,10.0,10.0,50.0,0.0,0.0,20.0,62.885,1.0,7.415,258.325,125.52600000000001,158.49200000000002,313.647,38.2716,174.541,,,,,,0.0069099999999999995,0.020319999999999998,34.0,0.2351,10.0,7.0,34493.0,6.0,316.0,2.0,,14.247175268544083
660,10.0,3.0,29.0,Male,A11-old,ASD,4192.12,7.109839999999999,101.0,62.2956,0.266933,32.0,37.2706,4.9049,51.5347,5.0,15.0,75.0,0.0,0.0,34.0,102.71,1.0,8.675,223.99099999999999,156.757,189.356,264.998,69.4695,246.41299999999998,,,,,,0.00296,0.00464,511.0,1.5135,686.0,12.0,452.0,67.0,501.0,10.0,,1.8170317024858704
661,10.0,3.0,30.0,Male,A11-old,ASD,4378.87,7.44636,137.0,90.991,6.47314,51.0,42.7761,7.1071100000000005,50.1057,9.0,11.0,55.0,0.0,0.0,8.0,14.09,3.0,6.975,143.477,145.679,243.31,280.647,101.66799999999999,174.274,,,,,,0.014669999999999999,0.035210000000000005,119.0,1.7465,,,,,,,,11.691370589618856
662,10.0,3.0,31.0,Male,A11-old,ASD,3837.32,6.41337,108.0,76.8101,1.5348700000000002,54.0,79.7798,2.002,48.7155,16.0,4.0,20.0,0.0,0.0,10.0,38.28,3.0,2.28,143.911,162.46200000000002,243.77700000000002,271.305,68.8355,198.332,,,,,,0.00509,0.0076,45.0,0.2294,31.0,6.0,10650.0,20.0,158.0,2.0,,7.769085485172589
663,10.0,3.0,32.0,Male,A11-old,ASD,2818.57,4.9370199999999995,40.0,17.8178,31.9653,15.0,22.7561,128.428,38.8679,19.0,1.0,5.0,0.0,0.0,15.0,20.035,1.0,5.045,79.4795,112.679,345.279,196.33,51.4848,282.51599999999996,,,,,,0.00361,0.0071200000000000005,37.0,0.1338,,,,,,,,-8.99934425681743
664,10.0,3.0,33.0,Female,C4,NT,5317.25,8.977910000000001,119.0,67.6677,0.567233,44.0,40.9409,0.734067,55.8639,7.0,13.0,65.0,0.0,0.0,16.0,15.73,4.0,14.47,116.383,183.61700000000002,266.033,252.553,53.4534,215.315,,,,,,0.00536,0.01196,89.0,0.4778,3.0,5.0,107906.0,2.0,50119.0,2.0,,3.9795412381269912
665,10.0,3.0,34.0,Female,C4,NT,4439.84,7.482530000000001,125.0,122.289,1.33467,44.0,29.7631,1.83517,49.4689,5.0,15.0,75.0,0.0,0.0,13.0,28.815,3.0,9.715,99.0991,187.321,228.028,258.85900000000004,61.5616,222.856,,,,,,0.0036299999999999995,0.0077599999999999995,170.0,0.6185,117.0,12.0,2937.0,50.0,158.0,2.0,,3.736960651007344
666,10.0,3.0,35.0,Female,C4,NT,4974.22,8.42008,138.0,82.7161,7.507510000000001,63.0,147.014,7.674339999999999,58.0771,19.0,1.0,5.0,0.0,0.0,11.0,15.11,3.0,6.04,102.836,179.98,293.46,235.002,79.0457,218.986,,,,,,0.0062,0.013019999999999999,77.0,0.4778,42.0,5.0,3170.0,26.0,501.0,2.0,,1.7639232755050784
667,10.0,3.0,36.0,Female,C4,NT,5331.41,8.9559,150.0,81.348,1.9019,61.0,54.5546,17.3507,57.1262,19.0,1.0,5.0,0.0,0.0,12.0,11.89,2.0,6.01,175.24200000000002,174.141,197.331,248.18200000000002,80.4137,189.75599999999997,,,,,,0.00805,0.015369999999999998,71.0,0.5721,53.0,15.0,4601.0,8.0,10000.0,7.0,,6.670578940397959
668,10.0,3.0,37.0,Female,A9-old,ASD,3790.72,6.66557,100.0,88.9556,26.4264,35.0,45.3453,26.6266,46.3716,5.0,15.0,75.0,0.0,0.0,13.0,26.135,7.0,9.285,184.484,229.63,126.994,259.059,93.62700000000001,190.69099999999997,,,,,,0.00774,0.017480000000000002,311.0,2.409,108.0,12.0,2858.0,48.0,158.0,2.0,,7.600667037242914
669,10.0,3.0,38.0,Female,A9-old,ASD,3761.3,6.45256,91.0,63.1298,1.7017,30.0,36.4364,14.7481,46.1213,9.0,11.0,55.0,0.0,0.0,10.0,21.25,5.0,9.25,218.852,144.97799999999998,102.87,290.324,64.0641,155.222,,,,,,,,,,,,,,,,,15.16139747635485
670,10.0,3.0,39.0,Female,A9-old,ASD,3662.99,6.21735,131.0,85.0851,6.17284,35.0,51.3514,6.97364,45.5931,6.0,14.0,70.0,0.0,0.0,7.0,13.815,3.0,11.04,185.21900000000002,190.29,154.321,277.644,73.4067,188.322,,,,,,0.0032600000000000003,0.006529999999999999,67.0,0.219,10.0,4.0,31708.0,9.0,13.0,1.0,,9.584604885334983
671,10.0,3.0,40.0,Female,A9-old,ASD,4409.74,7.523619999999999,116.0,77.6777,3.0697400000000004,45.0,42.4758,6.573239999999999,52.9055,3.0,17.0,85.0,0.0,0.0,14.0,25.95,4.0,7.25,171.83900000000003,158.325,203.704,259.493,48.6153,184.618,,,,,,0.0026899999999999997,0.00648,267.0,0.7205,119.0,14.0,2954.0,37.0,200.0,3.0,,8.429761928887146
672,10.0,3.0,41.0,Female,A17-old,ASD,4301.15,7.36055,103.0,74.975,10.7774,39.0,69.0023,10.9776,50.5783,19.0,1.0,5.0,0.0,0.0,8.0,4.915,2.0,6.84,179.313,181.18099999999998,189.02200000000002,229.396,83.9506,249.11599999999999,,,,,,0.007259999999999999,0.01489,139.0,1.0091,6.0,5.0,53988.0,4.0,1000.0,2.0,,-2.0605543852609713
673,10.0,3.0,42.0,Female,A17-old,ASD,5347.2,9.13606,100.0,60.6273,0.0,38.0,33.3,0.133466,58.9468,10.0,10.0,50.0,0.0,0.0,13.0,27.85,1.0,7.11,213.947,142.876,159.96,242.00900000000001,67.4341,216.38299999999998,,,,,,0.00822,0.015719999999999998,102.0,0.8393,23.0,15.0,14732.0,5.0,19953.0,5.0,,2.7952058500148382
674,10.0,3.0,43.0,Female,A17-old,ASD,3959.21,6.882689999999999,135.0,79.8799,3.4367699999999997,55.0,64.1975,9.30931,49.126999999999995,8.0,12.0,60.0,0.0,0.0,5.0,4.94,3.0,2.775,189.02200000000002,134.735,148.215,240.107,43.2099,247.38099999999997,,,,,,0.0054399999999999995,0.00847,76.0,0.4138,39.0,10.0,7112.0,21.0,200.0,2.0,,-0.7460696468425851
675,10.0,3.0,44.0,Female,A17-old,ASD,5640.62,9.54865,155.0,84.5846,0.7007,65.0,70.8375,0.0,60.2369,16.0,4.0,20.0,0.0,0.0,13.0,16.06,3.0,6.48,151.65200000000002,146.513,163.63,218.752,65.8325,201.635,,,,,,0.00965,0.02247,142.0,1.3705,22.0,12.0,14728.0,13.0,158.0,2.0,,2.0358621936453787
676,10.0,3.0,45.0,Female,A11-old,ASD,3559.74,6.22654,81.0,63.4301,0.0,27.0,39.4394,18.4518,48.7182,11.0,9.0,45.0,0.0,0.0,20.0,16.93,6.0,6.765,173.44,203.804,183.38299999999998,209.142,108.90899999999999,229.49599999999998,,,,,,0.00773,0.01171,110.0,0.851,67.0,24.0,5298.0,16.0,200.0,4.0,,-2.3201364222889893
677,10.0,3.0,46.0,Female,A11-old,ASD,4029.45,6.874789999999999,101.0,59.4928,1.56823,36.0,31.4648,8.44177,48.5347,15.0,5.0,25.0,0.0,0.0,15.0,25.23,2.0,10.105,111.345,229.09599999999998,183.65,303.80400000000003,80.0133,179.613,,,,,,0.00677,0.012440000000000001,193.0,1.3078,154.0,18.0,2315.0,51.0,200.0,3.0,,12.845121292796904
678,10.0,3.0,47.0,Female,A11-old,ASD,4572.73,8.09,112.0,62.4958,4.2042,52.0,58.3584,4.5045,53.9454,7.0,13.0,65.0,0.0,0.0,5.0,7.34,4.0,8.055,190.157,164.06400000000002,139.606,244.878,74.3076,196.12900000000002,,,,,,0.00775,0.01143,129.0,1.0006,98.0,19.0,2551.0,20.0,200.0,5.0,,5.52700977535504
679,10.0,3.0,48.0,Female,A11-old,ASD,3489.4,6.09922,135.0,89.7564,7.30731,53.0,32.1655,60.4271,44.8423,12.0,8.0,40.0,0.0,0.0,5.0,6.54,3.0,11.92,103.20299999999999,197.364,235.736,240.94099999999997,60.7941,228.028,,,,,,0.00838,0.01888,154.0,1.2909,28.0,5.0,10107.0,13.0,5012.0,2.0,,1.3767434521258366
680,10.0,3.0,49.0,Female,C4,NT,5076.61,9.11709,116.0,68.2015,6.573239999999999,46.0,42.3423,6.873539999999999,54.1567,13.0,7.0,35.0,0.0,0.0,13.0,12.985,3.0,13.815,80.2803,186.486,214.815,269.57,64.1642,231.498,,,,,,0.007559999999999999,0.01208,95.0,0.7182,15.0,6.0,18494.0,12.0,126.0,1.0,,3.79908515411082
681,10.0,3.0,50.0,Female,C4,NT,6075.75,10.7899,115.0,72.0387,1.5348700000000002,40.0,32.7995,12.5792,60.0178,7.0,13.0,65.0,0.0,0.0,11.0,23.155,0.0,0.0,209.676,207.107,95.3287,328.095,43.9773,187.421,,,,,,0.0072900000000000005,0.01469,209.0,1.5246,260.0,16.0,1249.0,27.0,1000.0,10.0,,13.643999410299571
682,10.0,3.0,51.0,Female,C4,NT,5843.43,10.0061,165.0,77.3106,3.7037,66.0,72.7728,10.1101,60.9798,17.0,3.0,15.0,0.0,0.0,15.0,16.235,0.0,0.0,145.012,147.347,257.724,278.478,88.4218,183.65,,,,,,0.00248,0.0037799999999999995,33.0,0.0821,15.0,13.0,23487.0,7.0,25119.0,2.0,,10.259927985320076
683,10.0,3.0,52.0,Female,C4,NT,5401.66,9.07443,166.0,80.7808,0.0,70.0,95.2953,25.4588,58.3774,7.0,13.0,65.0,0.0,0.0,20.0,40.76,4.0,14.305,215.782,171.905,161.128,273.774,60.4938,222.923,,,,,,0.01463,0.02394,36.0,0.527,21.0,10.0,16058.0,5.0,12589.0,4.0,,5.118915556164019
684,10.0,3.0,53.0,Female,A9-old,ASD,4323.23,7.41062,96.0,76.5432,13.5469,33.0,66.1328,28.5285,49.5218,15.0,5.0,25.0,0.0,0.0,20.0,40.765,1.0,6.81,198.03099999999998,193.42700000000002,126.426,250.88400000000001,78.3117,214.014,,,,,,0.00867,0.0174,119.0,1.032,27.0,10.0,13566.0,8.0,19953.0,3.0,,3.9653859556289746
685,10.0,3.0,54.0,Female,A9-old,ASD,4641.97,7.84215,95.0,72.0387,10.7441,34.0,61.7284,10.9443,53.3975,15.0,5.0,25.0,0.0,0.0,15.0,20.775,1.0,4.75,71.9386,189.65599999999998,188.188,179.68,77.2439,267.568,,,,,,0.01103,0.01576,373.0,4.1145,400.0,19.0,789.0,76.0,251.0,5.0,,-9.825421242800417
686,10.0,3.0,55.0,Female,A9-old,ASD,3159.2,5.29211,71.0,66.0661,1.9686299999999999,32.0,34.4678,2.4024,40.7362,15.0,5.0,25.0,0.0,0.0,18.0,31.08,3.0,8.405,204.104,196.66299999999998,126.994,270.137,58.8922,221.78799999999998,,,,,,0.00413,0.007509999999999999,151.0,0.0624,100.0,11.0,3442.0,38.0,200.0,3.0,,4.91426538598364
687,10.0,3.0,56.0,Female,A9-old,ASD,5132.33,8.721210000000001,147.0,66.4665,7.44077,63.0,87.4875,7.90791,60.1813,12.0,8.0,40.0,0.0,0.0,22.0,38.065,2.0,12.685,105.072,236.203,194.02700000000002,308.175,55.8892,197.39700000000002,,,,,,0.00547,0.013430000000000001,42.0,0.23,10.0,5.0,35499.0,8.0,126.0,1.0,,10.955709572523794
688,10.0,3.0,57.0,Female,A17-old,ASD,4076.95,6.894610000000001,154.0,92.6927,0.333667,63.0,57.958,0.533867,51.8768,11.0,9.0,45.0,0.0,0.0,5.0,5.68,1.0,7.085,182.115,264.097,82.0153,237.905,110.07700000000001,198.332,,,,,,0.01519,0.03692,71.0,1.0786,39.0,9.0,9273.0,14.0,3981.0,3.0,,4.5357225544830015
689,10.0,3.0,58.0,Female,A17-old,ASD,3254.24,5.56613,105.0,78.6787,3.003,47.0,143.77700000000002,13.0464,42.8849,15.0,5.0,25.0,0.0,0.0,9.0,9.07,1.0,6.45,76.1428,93.0597,386.353,251.65200000000002,49.7497,222.422,,,,,,0.00322,0.00698,81.0,0.2615,20.0,11.0,16368.0,15.0,316.0,1.0,,3.082852044195633
690,10.0,3.0,59.0,Female,A17-old,ASD,3681.73,6.33927,122.0,89.3226,3.37004,44.0,47.7477,3.7037,46.3215,7.0,13.0,65.0,0.0,0.0,17.0,16.88,2.0,9.61,198.665,193.861,156.056,215.582,61.961999999999996,270.30400000000003,,,,,,0.00457,0.00695,16.0,0.0732,,,,,,,,-5.631156279456498
691,10.0,3.0,60.0,Female,A17-old,ASD,3527.21,6.046130000000001,106.0,70.971,0.5005,39.0,54.0541,0.7007,42.3789,12.0,8.0,40.0,0.0,0.0,6.0,6.7,5.0,13.24,173.44,104.37100000000001,199.333,262.39599999999996,65.7324,185.15200000000002,,,,,,0.018,0.030080000000000003,39.0,0.7022,18.0,12.0,18590.0,16.0,16.0,1.0,,8.629688882533259
692,10.0,3.0,61.0,Female,A11-old,ASD,3890.34,6.6488,70.0,36.5032,21.9553,23.0,33.1665,64.1975,47.7395,6.0,14.0,70.0,0.0,0.0,23.0,40.245,3.0,9.06,176.343,195.062,175.50900000000001,415.916,57.4908,103.036,,,,,,0.00916,0.01792,293.0,2.6853,117.0,26.0,2683.0,39.0,200.0,3.0,,30.145369899335577
693,10.0,3.0,62.0,Female,A11-old,ASD,5691.27,9.59268,178.0,107.875,7.040369999999999,78.0,126.059,7.340669999999999,61.0799,3.0,17.0,85.0,0.0,0.0,14.0,32.43,3.0,9.8,257.124,186.42,95.5289,231.265,62.1622,216.283,,,,,,0.00785,0.02181,124.0,0.9741,38.0,6.0,9102.0,24.0,251.0,2.0,,1.6737869457577759
694,10.0,3.0,63.0,Female,A11-old,ASD,3083.53,5.25823,87.0,107.40700000000001,1.63497,32.0,51.9519,2.002,39.9488,4.0,16.0,80.0,0.0,0.0,12.0,26.8,2.0,6.485,211.47799999999998,242.24200000000002,112.946,370.704,65.7324,123.757,,,,,,0.01272,0.01966,25.0,0.318,40.0,14.0,5740.0,25.0,126.0,2.0,,24.9713324205549
695,10.0,3.0,64.0,Female,A11-old,ASD,4834.91,8.20883,146.0,101.235,0.6339670000000001,54.0,60.3937,0.834167,53.2225,15.0,5.0,25.0,0.0,0.0,13.0,30.7,1.0,9.42,254.655,141.375,113.18,326.793,47.8145,132.766,,,,,,0.01097,0.030660000000000003,275.0,3.0183,47.0,7.0,6617.0,36.0,158.0,1.0,,21.110129493710275
